{
  "SP": ["São Paulo", "Campinas", "Santos", "Ribeirão Preto", "São José dos Campos", "Sorocaba", "Piracicaba", "Jundiaí", "Araraquara", "Bauru", "Marília", "Botucatu", "Rio Claro", "Presidente Prudente", "Araçatuba", "Assis", "Franca", "Ourinhos", "Avaré", "Salto", "Valinhos", "Louveira", "Vinhedo", "Paulínia", "Sumaré", "Hortolândia", "Cosmópolis", "Americana", "Santa Bárbara d'Oeste", "Nova Odessa", "Iracemápolis", "Limeira", "Cordeirópolis", "Araras", "São Carlos", "Ibaté", "Rincão", "Guatapará", "Gavião Peixoto", "Matão", "Taboca", "Jaboticabal", "Pradópolis", "Morro Agudo", "Viradouro", "Pitangueira", "Mococa", "Tambaú", "Casa Branca", "Divinolândia", "Pontal", "Santa Rosa de Viterbo", "Altinópolis", "Igarapava", "Rifaina", "Miguelópolis", "Patrocínio Paulista", "Ipuã", "São João da Boa Vista", "Itapira", "Espírito Santo do Pinhal", "Águas de Lindóia", "Socorro", "Amparo", "Lindóia", "Pedreira", "Jaguariúna", "Holambra", "Indaiatuba", "Itupeva", "Cabreúva", "Bragança Paulista", "Atibaia", "Mairiporã", "Franco da Rocha", "Osasco", "Diadema", "Santo André", "São Bernardo do Campo", "São Caetano do Sul", "Guarulhos", "Arujá", "Itaquaquecetuba", "Mogi das Cruzes", "Suzano", "Jacareí", "Santa Isabel"],
  "RJ": ["Rio de Janeiro", "Niterói", "Duque de Caxias", "Nova Iguaçu", "São Gonçalo", "Campos dos Goytacazes", "São João de Meriti", "Macaé", "Itaboraí", "Cabo Frio", "São Pedro da Aldeia", "Araruama", "Saquarema", "Maricá", "Rio Bonito", "Tanguá", "Itaperuna", "Cardoso Moreira", "Bom Jesus do Itabapoana", "Aperibé", "Miracema", "Santo Antônio de Pádua", "Natividade", "Porciúncula", "Duas Barras", "Cordoeira", "Macuco", "Sumidouro", "Novo Friburgo", "Teresópolis", "Petrópolis", "Magé", "Guapimirim", "Cachoeiras de Macacu", "Silva Jardim", "Casimiro de Abreu", "Carmo", "Conceição de Macabu", "Quissamã", "Carapebus", "Mangaratiba", "Angra dos Reis", "Parati", "Itaguaí", "Seropédica", "Japeri", "Queimados", "Nova Iguaçu", "Nilópolis", "Mesquita", "Belford Roxo", "São Lourenço da Serra"],
  "MG": ["Belo Horizonte", "Uberlândia", "Contagem", "Juiz de Fora", "Betim", "Montes Claros", "Governador Valadares", "Divinópolis", "Ipatinga", "Santa Luzia", "Sete Lagoas", "Uberaba", "Poços de Caldas", "Teófilo Otoni", "Passos", "Varginha", "Pouso Alegre", "Araguari", "Patrocínio", "Viçosa", "Muriaé", "Caratinga", "Itabira", "Nova Lima", "Pedro Leopoldo", "Ribeirão das Neves", "Sabará", "Brumadinho", "Esmeraldas", "Jaboticatubas", "Mário Campos", "Itaguara", "Igarapé", "Sarzedo", "Caeté", "Santa Bárbara", "Raposos", "Itatiaiuçu", "Moeda", "Itabirito", "Ouro Branco", "Congonhas", "Ouro Preto", "Mariana", "Conselheiro Lafaiete", "Barbacena", "São João del-Rei", "Lagoa Dourada", "Resende Costa", "Santo Antônio do Amparo", "Carrancas", "Lavras", "Três Corações", "Três Pontas", "Andrelândia", "Cambuquira"],
  "BA": ["Salvador", "Feira de Santana", "Vitória da Conquista", "Camaçari", "Itabuna", "Jequié", "Ilhéus", "Lauro de Freitas", "Teixeira de Freitas", "Barreiras", "Santo Estêvão", "Irecê", "Alagoinhas", "Seabra", "Gongogi", "Brumado", "Bom Jesus da Lapa", "Ubaitaba", "Camamu", "Marcionílio Souza", "Ibiassucê", "Macajuba", "Salgueiro", "Ituaçu", "Paramirim", "Itagibá", "Pau Brasil", "Santa Cruz Cabrália", "Porto Seguro", "Eunápolis", "Prado", "Alcobaça", "Caravelas", "Nova Viçosa", "Mucuri", "Jaguaquara", "Maiquinique", "Encruzilhada", "Rio de Contas", "Livramento de Nossa Senhora", "Contendas do Sincorá", "Vitória da Conquista", "Planalto", "Ribeirão do Largo", "Belmonte", "Maragogipe", "Santo Estêvão", "São Felipe"],
  "RS": ["Porto Alegre", "Caxias do Sul", "Pelotas", "Canoas", "Santa Maria", "Novo Hamburgo", "Gravataí", "Viamão", "Erechim", "Santa Cruz do Sul", "Passo Fundo", "Bagé", "Cachoerinha", "Sapucaia do Sul", "São Leopoldo", "Campo Bom", "Novo Galeão", "Cachoeira do Sul", "Jaguarão", "Rio Pardo", "Camaquã", "Tarauacá", "Encruzilhada do Sul", "Piratini", "Herval", "Arroio do Padre", "Santana do Livramento", "Rosário do Sul", "Alegrete", "Uruguaiana", "Quaraí", "São Borja", "Santo Ângelo", "Cruz Alta", "Osório", "Cidreira", "Capão da Canoa", "Tramandaí", "Imbé", "Torres", "Três Forquilhas", "Xangri-Lá"],
  "PA": ["Belém", "Ananindeua", "Santarém", "Marabá", "Parauapebas", "Castanhal", "Abaetetuba", "Itaituba", "Tucuruí", "Barcarena", "Cametá", "Breves", "Soure", "Aveiro", "Afuá", "Gurupá", "Chaves", "Salvaterra", "Cachoeira do Arari", "Ponta de Pedras", "Santa Cruz do Arari", "Bagre", "Curralinho", "Muaná", "Portel", "Senador José Porfírio", "Novo Repartimento", "Altamira", "Vitória do Xingu", "São Félix do Xingu", "Trairão", "Anapu", "Medicilândia", "Brasil Novo", "Uruará", "Placas", "Óbidos", "Oriximiná", "Terra Santa", "Monte Alegre", "Almeirim"],
  "CE": ["Fortaleza", "Caucaia", "Juazeiro do Norte", "Maracanaú", "Sobral", "Iguatu", "Crato", "Quixadá", "Russas", "Trairi", "Aracati", "Icapuí", "Quixeramobim", "Morada Nova", "Jaguaruana", "Limoeiro do Norte", "Peixoto de Azevedo", "Tauá", "Parambu", "Aiuaba", "Campos Sales", "Figueiroa", "Salitre", "Pereiro", "Araripe", "Caririaçu", "Missão Velha", "Santana do Cariri", "Barbalha", "Lavras da Mangabeira", "Aurora", "Baixio", "Barro", "Várzea Alegre", "Jati", "Porteiras", "Mauriti", "Milagres", "Potengi", "Nova Russas", "Itapajé", "Itarema", "Amontada", "Jijoca de Jericoacoara", "Crateús", "Hidrânea"],
  "PE": ["Recife", "Jaboatão dos Guararapes", "Olinda", "Caruaru", "Petrolina", "Paulista", "Camaragibe", "Gravatá", "Garanhuns", "Arcoverde", "Ouricuri", "Salgueiro", "Araripina", "Trindade", "Moreno", "São Lourenço da Mata", "Vitória de Santo Antão", "Bezerros", "Sanharó", "Belo Jardim", "Pesqueira", "Heliodora", "Limoeiro", "Timbaúba", "São Bento do Una", "Chã de Alegria", "Alagoinha", "Orobó", "Toritama", "Casinhas", "Santa Cruz do Capibaribe", "Panelas", "Jataúba", "Cupira", "Igarassu", "Itamaracá", "Itapissuma", "Abreu e Lima", "Paudalho", "Nazaré da Mata", "Goiana"],
  "GO": ["Goiânia", "Anápolis", "Aparecida de Goiânia", "Rio Verde", "Luziânia", "Itumbiara", "Jataí", "Formosa", "Valparaíso de Goiás", "Senador Canedo", "Trindade", "Planaltina", "Cristalina", "Catalão", "Doverlândia", "Goiás", "Corumbá de Goiás", "Piranhas", "Britânia", "Aruanã", "Jussara", "Mozarlândia", "Minaçu", "Vilhena", "Natividade", "Paranã", "Tocantinópolis", "Gurupi", "Araguatins", "Ceres", "Jaraguá", "Piracanjuba", "Porangatu", "Uruaçu", "São Miguel do Araguaia"],
  "SC": ["Florianópolis", "Joinville", "Blumenau", "Itajaí", "Brusque", "Criciúma", "Lages", "Chapecó", "Cascavel", "Santa Rosa", "Jaraguá do Sul", "Palhoça", "São José", "Biguaçu", "Penha", "Piçarras", "Bombinhas", "Camboriú", "Balneário Camboriú", "Balneário Piçarras", "Itapoá", "Barra Velha", "Araquari", "Araucária", "Guaramirim", "Garuva", "Schroeder", "Corupá", "Luiz Alves", "Massaranduba", "Rio Negrinho", "Canoinhas", "São Bento do Sul", "Paula Freitas", "Rio das Antas", "Bom Retiro", "Lages"],
  "PR": ["Curitiba", "Londrina", "Maringá", "Ponta Grossa", "Cascavel", "Foz do Iguaçu", "Paranaguá", "Apucarana", "Toledo", "Jacarezinho", "Cornélio Procópio", "Cambé", "Arapongas", "Rolândia", "Sabáudia", "Aloísio Chaves", "Ibiporã", "Sertaneja", "Califórnia", "Iguaraçu", "Floraí", "Lupionópolis", "Tamarana", "Jataizinho", "Guaraci", "Itambaracá", "São Sebastião da Amoreira", "Abatiá", "Bandeirantes", "Congonhinhas", "Siqueira Campos", "Wenceslau Braz", "Jundiaí do Sul", "Ribeirão do Pinhal", "Santo Inácio", "Salto do Lontra", "Cruzeiro do Iguaçu", "Barracão"],
  "AC": ["Rio Branco", "Cruzeiro do Sul", "Sena Madureira", "Tarauacá", "Mâncio Lima", "Brasiléia", "Assis Brasil", "Porto Acre", "Senador Guaporé", "Xapuri", "Plácido de Castro", "Epitaciolândia", "Capixaba", "Acrelândia", "Bujari", "Manoel Urbano", "Feijó"],
  "AL": ["Maceió", "Arapiraca", "Rio Largo", "Palmeira dos Índios", "Delmiro Gouveia", "Penedo", "União dos Palmares", "Pilar", "Coruripe", "São Miguel dos Campos", "Marechal Deodoro", "Satuba", "Paripueira", "Barra de São Miguel", "Coqueiro Seco", "Roteiro", "Jequiá da Praia", "Feliz Deserto", "Igreja Nova", "Olho d'Água do Casado", "Junqueiro", "Teotônio Vilela", "Belém", "Dois Riachos", "Inhapi", "Mata Grande", "Olho d'Água", "Pariconha", "Água Branca", "Jacaré dos Homens", "Estrela de Alagoas", "Monteirópolis"],
  "AM": ["Manaus", "Itacoatiara", "Parintins", "Manacapuru", "Coari", "Tabatinga", "Eirunepé", "Rio Preto da Eva", "Careiro", "Humaitá", "Manicoré", "Iranduba", "Autazes", "Silves", "Urucará", "Novo Aripuanã", "Borba", "Apuí", "Lábrea", "Envira", "Fonte Boa", "Tonantins", "Alvarães", "Maraã", "Japurá", "Tefé", "Uarini", "Anamã"],
  "AP": ["Macapá", "Santana", "Laranjal do Jari", "Oiapoque", "Calçoene", "Amapá", "Pracuúba", "Mazagão", "Porto Grande", "Itaubal", "Pedra Branca do Amapari", "Serra do Navio"],
  "DF": ["Brasília", "Taguatinga", "Ceilândia", "Plano Piloto", "Asa Sul", "Asa Norte", "Guará", "Cruzeiro", "Paranoá", "Sobradinho", "Gama", "Santa Maria", "Samambaia", "Recanto das Emas", "Riacho Fundo", "Lago Sul", "Lago Norte", "Núcleo Bandeirante", "Candangolândia", "Park Way", "Setor de Indústrias Gráficas", "Varjão", "Águas Claras"],
  "ES": ["Vitória", "Vila Velha", "Cariacica", "Serra", "Linhares", "Colatina", "Aracruz", "Anchieta", "Cachoeiro de Itapemirim", "Marataízes", "Itapemirim", "Piúma", "Alegre", "Iúna", "Muniz Freire", "São José do Calçado", "Atílio Vivácqua", "Apiacá", "Divino de São Lourenço", "Conceição do Castelo", "Venda Nova do Imigrante", "Castelo", "Domingos Martins", "Marechal Floriano", "Vargem Alta", "Ibatiba", "Brejetuba", "Laranja da Terra", "Santa Leopoldina", "Santa Teresa", "Rio Novo do Sul", "Itaguaçu"],
  "MA": ["São Luís", "Imperatriz", "Santa Inês", "Timon", "Codó", "Caxias", "Bacabal", "Açailândia", "Araioses", "Rosário", "Balsas", "Brejo", "Carolina", "Grajaú", "Itapecuru Mirim", "Pinheiro", "Vitorino Freire", "Pedreiras", "Mata Roma", "Tutóia", "Parnarama", "São João dos Patos", "Colinas", "Barra do Corda", "Zé Doca", "Buriti", "Coelho Neto", "Santa Rita", "Humberto de Campos", "Amarante do Maranhão", "Passagem Franca", "Grajaú", "Fortuna"],
  "MT": ["Cuiabá", "Várzea Grande", "Rondonópolis", "Sinop", "Tangará da Serra", "Cáceres", "Barra do Garças", "Pontes e Lacerda", "Jaciara", "Juína", "Nova Mutum", "Sorriso", "Lucas do Rio Verde", "Primavera do Leste", "Água Boa", "Alto Garças", "Arraias", "Araguaiana", "Araguainha", "Arenápolis", "Barão de Melgaço", "Brassnorte", "Carlinda", "Chapada dos Guimarães", "Colniza", "Comodoro", "Conquista d'Oeste", "Cuiabá"],
  "MS": ["Campo Grande", "Dourados", "Três Lagoas", "Corumbá", "Ponta Porã", "Maracaju", "Iguatemi", "Naviraí", "Aquidauana", "Sidrolândia", "Rio Brilho", "Cassilândia", "Inocência", "Paranaíba", "Aparecida do Taboado", "Água Clara", "Anaurilândia", "Batayporã", "Bodoquena", "Bonito", "Brasilândia", "Caarapó", "Chapadão do Sul", "Conquista", "Juti", "Laguna Carapã", "Mato Grosso do Sul"],
  "PB": ["João Pessoa", "Campina Grande", "Santa Rita", "Patos", "Sousa", "Bayeux", "Cabedelo", "Sapé", "Guarabira", "Pombal", "Cajazeiras", "Sumé", "Monteiro", "Princesa Isabel", "Catolé do Rocha", "Congo", "Araçagi", "Areia", "Esperança", "Querência do Norte", "Fagundes", "Serraria", "Dona Inês", "Boqueirão", "Alagoa Grande", "Alagoa Nova", "Alhandra", "Aporá", "Aroeiras"],
  "RN": ["Natal", "Mossoró", "Parnamirim", "Macaíba", "São Gonçalo do Amarante", "Caicó", "Açu", "Tangará", "Ceará-Mirim", "Currais Novos", "Apodi", "Pau dos Ferros", "Assu", "Alexandria", "Areia Branca", "Baía Formosa", "Baraúna", "Bento Fernandes", "Boa Saúde", "Bodó", "Bom Jesus", "Caiçara do Rio do Vento", "Canguaretama", "Carnaúba dos Dantas", "Ceará-Mirim", "Cerro Corá"],
  "RO": ["Porto Velho", "Ji-Paraná", "Ariquemes", "Vilhena", "Jaru", "Cacoal", "Ouro Preto do Oeste", "Buritis", "Rolim de Moura", "Guajará-Mirim", "Costa Marques", "Nova Mamoré", "Abunã", "Machadinho d'Oeste", "Candeias do Jamari", "Vale do Anari", "Cujubim", "Itapuã do Oeste", "Ministro Andreazza", "Mirante da Serra", "Espigão d'Oeste", "Pimenta Bueno", "Presidente Médici"],
  "RR": ["Boa Vista", "Rorainópolis", "Caracaraí", "Pacaraima", "Iracema", "Mucajaí", "Amajari", "Uiramutã", "Alto Alegre", "Cantá", "Bonfim", "Normandia", "São João da Baliza", "São Luiz", "Caroebe"],
  "SE": ["Aracaju", "Nossa Senhora do Socorro", "Lagarto", "Santo Estêvão", "Itabaiana", "Tobias Barreto", "Estância", "Neópolis", "Rosário do Catete", "Maruim", "Laranjeiras", "São Cristóvão", "Areia Branca", "Indiaroba", "Cristinápolis", "Umbaúba", "Malhada dos Bois", "Amparo de São Francisco", "Brejo Grande", "Pacatuba"],
  "TO": ["Palmas", "Araguaína", "Porto Nacional", "Gurupi", "Tocantinópolis", "Dianópolis", "Paraíso do Tocantins", "Miracema do Tocantins", "Colinas do Tocantins", "Formoso do Araguaia", "Matança", "Lagoa da Confusão", "Dueré", "Pium", "Combinado", "Xambioá", "Araguacema", "Recursolândia", "Pequizeiro", "Santa Tereza do Tocantins", "Taguatinga", "Aliança do Tocantins"],
  "PI": ["Teresina", "Parnaíba", "Picos", "Fieldim", "União", "Oeiras", "Floriano", "São Raimundo Nonato", "Valença do Piauí", "Castelo do Piauí", "Piracuruca", "Piripiri", "Barras", "José de Freitas", "Esperantina", "Altos", "Santo Inácio do Piauí", "São Miguel do Tapuio", "Simplício Mendes", "Cocal", "Amarante", "Antônio Almeida", "Agricolândia", "Água Branca"]
}
